file_path,refactoring_type,lines_changed,cyclomatic_complexity,nesting_depth
connect/runtime/src/main/java/org/apache/kafka/connect/runtime/AbstractHerder.java,Add Method Annotation,103,1,1
core/src/main/java/kafka/server/share/SharePartitionManager.java,Parameterize Variable,1,1,1
clients/src/main/java/org/apache/kafka/clients/producer/internals/TransactionManager.java,Add Parameter,9,1,1
core/src/main/java/kafka/log/remote/RemoteLogManager.java,Add Parameter,15,1,1
core/src/test/java/kafka/test/api/ShareConsumerTest.java,Parameterize Variable,1,1,1
streams/src/main/java/org/apache/kafka/streams/kstream/internals/graph/StreamStreamJoinNode.java,Add Parameter,31,1,1
connect/runtime/src/main/java/org/apache/kafka/connect/runtime/SinkConnectorConfig.java,Inline Attribute,6,1,1
streams/src/main/java/org/apache/kafka/streams/processor/internals/StreamThread.java,Extract Variable,12,1,1
streams/src/test/java/org/apache/kafka/streams/state/internals/MeteredSessionStoreTest.java,Add Method Annotation,5,1,1
clients/src/main/java/org/apache/kafka/clients/admin/ConsumerGroupDescription.java,Add Parameter,17,1,1
raft/src/test/java/org/apache/kafka/raft/KafkaRaftClientSnapshotTest.java,Assert Throws,1,1,1
streams/src/main/java/org/apache/kafka/streams/processor/internals/InternalTopologyBuilder.java,Remove Method Annotation,1,1,1
raft/src/main/java/org/apache/kafka/raft/UnattachedState.java,Extract Method,33,1,1
core/src/test/java/kafka/test/api/ShareConsumerTest.java,Remove Method Annotation,1,1,1
streams/src/test/java/org/apache/kafka/test/NoOpReadOnlyStore.java,Rename Parameter,1,1,1
raft/src/test/java/org/apache/kafka/raft/KafkaRaftClientSnapshotTest.java,Assert Throws,1,1,1
clients/src/test/java/org/apache/kafka/common/utils/LogCaptureAppender.java,Change Parameter Type,1,1,1
streams/src/test/java/org/apache/kafka/streams/state/internals/MeteredSessionStoreTest.java,Add Method Annotation,5,1,1
raft/src/main/java/org/apache/kafka/raft/EpochState.java,Rename Parameter,1,1,1
streams/src/test/java/org/apache/kafka/streams/kstream/internals/KStreamSessionWindowAggregateProcessorTest.java,Rename Attribute,1,1,1
tools/src/main/java/org/apache/kafka/tools/consumer/ApiMessageFormatter.java,Remove Parameter,1,1,1
connect/runtime/src/main/java/org/apache/kafka/connect/runtime/isolation/DelegatingClassLoader.java,Extract Method,19,1,1
tools/src/main/java/org/apache/kafka/tools/consumer/group/ConsumerGroupCommand.java,Move Code,63,1,1
streams/src/test/java/org/apache/kafka/streams/state/internals/MeteredSessionStoreTest.java,Rename Variable,1,1,1
streams/src/test/java/org/apache/kafka/streams/state/internals/TimeOrderedKeyValueBufferTest.java,Change Variable Type,1,1,1
connect/runtime/src/main/java/org/apache/kafka/connect/runtime/Loggers.java,Change Variable Type,1,1,1
tools/src/main/java/org/apache/kafka/tools/consumer/group/MemberAssignmentState.java,Add Parameter,10,1,1
raft/src/main/java/org/apache/kafka/raft/RaftUtil.java,Add Parameter,39,1,1
streams/src/test/java/org/apache/kafka/streams/state/internals/StoreSerdeInitializerTest.java,Change Variable Type,1,1,1
clients/src/test/java/org/apache/kafka/clients/consumer/internals/FetchMetricsManagerTest.java,Add Method Annotation,13,1,1
streams/src/main/java/org/apache/kafka/streams/processor/internals/TopologyMetadata.java,Change Return Type,1,1,1
core/src/main/java/kafka/log/remote/RemoteLogManager.java,Change Variable Type,1,1,1
connect/runtime/src/test/java/org/apache/kafka/connect/runtime/AbstractHerderTest.java,Add Method Annotation,5,1,1
streams/test-utils/src/test/java/org/apache/kafka/streams/MockProcessorContextTest.java,Change Variable Type,10,1,1
streams/src/test/java/org/apache/kafka/streams/state/internals/TimeOrderedKeyValueBufferTest.java,Change Variable Type,1,1,1
core/src/test/java/kafka/test/api/ShareConsumerTest.java,Remove Method Annotation,1,1,1
group-coordinator/src/main/java/org/apache/kafka/coordinator/group/GroupMetadataManager.java,Inline Variable,1,1,1
streams/src/test/java/org/apache/kafka/streams/state/internals/CompositeReadOnlyKeyValueStoreTest.java,Add Method Annotation,4,1,1
metadata/src/main/java/org/apache/kafka/image/FeaturesImage.java,Remove Parameter,1,1,1
streams/src/test/java/org/apache/kafka/streams/processor/internals/ProcessorContextImplTest.java,Remove Variable Annotation,1,1,1
streams/src/test/java/org/apache/kafka/streams/state/internals/TimeOrderedKeyValueBufferTest.java,Change Variable Type,1,1,1
streams/src/main/java/org/apache/kafka/streams/state/internals/KeyValueSegments.java,Change Parameter Type,1,1,1
streams/test-utils/src/test/java/org/apache/kafka/streams/MockProcessorContextTest.java,Change Variable Type,15,1,1
connect/runtime/src/main/java/org/apache/kafka/connect/runtime/Loggers.java,Extract Variable,1,1,1
streams/src/test/java/org/apache/kafka/streams/kstream/internals/KStreamImplTest.java,Remove Method Annotation,1,1,1
connect/runtime/src/main/java/org/apache/kafka/connect/runtime/rest/RestClient.java,Split Conditional,1,1,1
core/src/test/java/kafka/test/api/ShareConsumerTest.java,Add Thrown Exception Type,47,1,1
streams/src/main/java/org/apache/kafka/streams/kstream/internals/suppress/TimeDefinitions.java,Change Class Access Modifier,20,1,1
streams/src/test/java/org/apache/kafka/streams/state/internals/TimeOrderedKeyValueBufferTest.java,Change Variable Type,1,1,1
connect/runtime/src/test/java/org/apache/kafka/connect/runtime/LoggersTest.java,Move Method,18,1,1
connect/runtime/src/main/java/org/apache/kafka/connect/runtime/isolation/PluginUtils.java,Extract Variable,1,1,1
connect/runtime/src/test/java/org/apache/kafka/connect/runtime/LoggersTest.java,Rename Method,8,1,1
connect/runtime/src/main/java/org/apache/kafka/connect/runtime/Loggers.java,Change Variable Type,1,1,1
streams/src/test/java/org/apache/kafka/streams/kstream/internals/suppress/KTableSuppressProcessorTest.java,Change Variable Type,1,1,1
streams/test-utils/src/test/java/org/apache/kafka/streams/MockProcessorContextTest.java,Inline Variable,18,1,1
tools/src/main/java/org/apache/kafka/tools/consumer/group/ConsumerGroupCommand.java,Change Parameter Type,1,1,1
streams/src/test/java/org/apache/kafka/streams/processor/internals/ProcessorTopologyTest.java,Move And Inline Method,4,1,1
streams/test-utils/src/test/java/org/apache/kafka/streams/MockProcessorContextTest.java,Change Variable Type,1,1,1
raft/src/main/java/org/apache/kafka/raft/FollowerState.java,Replace Variable With Attribute,1,1,1
group-coordinator/group-coordinator-api/src/main/java/org/apache/kafka/coordinator/group/api/assignor/MemberSubscription.java,Remove Class Annotation,1,1,1
streams/src/test/java/org/apache/kafka/streams/state/internals/TimeOrderedKeyValueBufferTest.java,Change Variable Type,1,1,1
clients/src/main/java/org/apache/kafka/clients/consumer/internals/events/BackgroundEventHandler.java,Add Parameter,3,1,1
clients/src/main/java/org/apache/kafka/clients/consumer/internals/FetchMetricsManager.java,Extract Method,8,1,1
tools/src/main/java/org/apache/kafka/tools/consumer/group/ConsumerGroupCommand.java,Rename Parameter,1,1,1
streams/src/test/java/org/apache/kafka/streams/state/internals/CachingInMemoryKeyValueStoreTest.java,Change Attribute Type,1,1,1
generator/src/main/java/org/apache/kafka/message/MessageSpec.java,Add Method Annotation,41,1,1
streams/src/main/java/org/apache/kafka/streams/kstream/internals/graph/TableSuppressNode.java,Change Parameter Type,1,1,1
raft/src/main/java/org/apache/kafka/raft/UnattachedState.java,Rename Parameter,1,1,1
streams/src/test/java/org/apache/kafka/streams/kstream/internals/foreignkeyjoin/ResponseJoinProcessorSupplierTest.java,Change Variable Type,1,1,1
streams/src/main/java/org/apache/kafka/streams/kstream/Consumed.java,Replace Generic With Diamond,1,1,1
core/src/test/java/kafka/test/api/ShareConsumerTest.java,Change Variable Type,1,1,1
clients/src/test/java/org/apache/kafka/clients/consumer/internals/FetchMetricsManagerTest.java,Add Method Annotation,18,1,1
streams/src/test/java/org/apache/kafka/streams/kstream/internals/foreignkeyjoin/SubscriptionSendProcessorSupplierTest.java,Change Variable Type,1,1,1
streams/src/test/java/org/apache/kafka/streams/state/internals/ChangeLoggingWindowBytesStoreTest.java,Add Method Annotation,6,1,1
group-coordinator/group-coordinator-api/src/main/java/org/apache/kafka/coordinator/group/api/assignor/SubscribedTopicDescriber.java,Remove Class Annotation,1,1,1
streams/src/main/java/org/apache/kafka/streams/Topology.java,Add Method Annotation,31,1,1
raft/src/main/java/org/apache/kafka/raft/KafkaRaftClient.java,Rename Variable,1,1,1
streams/src/test/java/org/apache/kafka/streams/kstream/internals/foreignkeyjoin/SubscriptionSendProcessorSupplierTest.java,Change Variable Type,1,1,1
raft/src/main/java/org/apache/kafka/raft/LeaderState.java,Rename Parameter,1,1,1
streams/src/test/java/org/apache/kafka/streams/state/internals/TimeOrderedCachingPersistentWindowStoreTest.java,Add Method Annotation,21,1,1
streams/src/test/java/org/apache/kafka/streams/state/internals/ChangeLoggingKeyValueBytesStoreTest.java,Change Attribute Type,1,1,1
streams/src/test/java/org/apache/kafka/streams/state/internals/CompositeReadOnlyKeyValueStoreTest.java,Add Method Annotation,4,1,1
streams/src/main/java/org/apache/kafka/streams/kstream/internals/graph/StreamStreamJoinNode.java,Remove Parameter,1,1,1
group-coordinator/group-coordinator-api/src/main/java/org/apache/kafka/coordinator/group/api/assignor/ConsumerGroupPartitionAssignor.java,Remove Class Annotation,1,1,1
clients/src/main/java/org/apache/kafka/clients/consumer/internals/FetchMetricsManager.java,Rename Method,4,1,1
clients/src/test/java/org/apache/kafka/clients/consumer/internals/ConsumerMembershipManagerTest.java,Add Class Annotation,2828,1,1
core/src/test/java/kafka/test/api/ShareConsumerTest.java,Remove Method Annotation,1,1,1
streams/src/test/java/org/apache/kafka/streams/state/internals/MeteredVersionedKeyValueStoreTest.java,Rename Variable,1,1,1
streams/src/test/java/org/apache/kafka/streams/state/internals/ChangeLoggingSessionBytesStoreTest.java,Add Method Annotation,6,1,1
streams/test-utils/src/test/java/org/apache/kafka/streams/MockProcessorContextTest.java,Change Variable Type,1,1,1
clients/src/test/java/org/apache/kafka/common/message/MessageTest.java,Rename Method,6,1,1
streams/src/main/java/org/apache/kafka/streams/kstream/internals/graph/StreamStreamJoinNode.java,Replace Variable With Attribute,1,1,1
streams/src/main/java/org/apache/kafka/streams/state/internals/RocksDBTimeOrderedKeyValueBuffer.java,Rename Attribute,1,1,1
streams/src/main/java/org/apache/kafka/streams/internals/AutoOffsetResetInternal.java,Add Method Annotation,3,1,1
trogdor/src/main/java/org/apache/kafka/trogdor/agent/AgentRestResource.java,Remove Attribute Annotation,1,1,1
connect/runtime/src/main/java/org/apache/kafka/connect/runtime/AbstractHerder.java,Change Variable Type,1,1,1
connect/runtime/src/test/java/org/apache/kafka/connect/runtime/AbstractHerderTest.java,Modify Method Annotation,1,1,1
tools/src/main/java/org/apache/kafka/tools/consumer/group/ConsumerGroupCommand.java,Rename Variable,1,1,1
clients/src/test/java/org/apache/kafka/clients/consumer/internals/FetchMetricsManagerTest.java,Add Method Annotation,16,1,1
streams/src/main/java/org/apache/kafka/streams/Topology.java,Add Method Annotation,28,1,1
connect/runtime/src/main/java/org/apache/kafka/connect/runtime/Loggers.java,Change Parameter Type,1,1,1
connect/runtime/src/main/java/org/apache/kafka/connect/runtime/Loggers.java,Remove Method Annotation,1,1,1
streams/src/test/java/org/apache/kafka/streams/state/KeyValueStoreTestDriver.java,Replace Generic With Diamond,18,1,1
core/src/test/java/kafka/test/api/ShareConsumerTest.java,Add Thrown Exception Type,116,1,1
connect/runtime/src/test/java/org/apache/kafka/connect/runtime/LoggersTest.java,Move Class,30,1,1
streams/src/main/java/org/apache/kafka/streams/kstream/internals/graph/StreamToTableNode.java,Remove Parameter,1,1,1
streams/src/main/java/org/apache/kafka/streams/state/internals/MeteredSessionStore.java,Rename Parameter,1,1,1
clients/src/test/java/org/apache/kafka/clients/consumer/internals/AbstractCoordinatorTest.java,Add Method Annotation,29,1,1
streams/src/test/java/org/apache/kafka/streams/state/internals/MeteredVersionedKeyValueStoreTest.java,Add Method Annotation,41,1,1
streams/src/test/java/org/apache/kafka/streams/state/internals/CachingPersistentSessionStoreTest.java,Add Method Annotation,4,1,1
core/src/main/java/kafka/log/remote/CustomMetadataSizeLimitExceededException.java,Move Class,2,1,1
connect/runtime/src/main/java/org/apache/kafka/connect/runtime/Loggers.java,Rename Variable,1,1,1
streams/test-utils/src/test/java/org/apache/kafka/streams/MockProcessorContextTest.java,Change Variable Type,8,1,1
streams/src/main/java/org/apache/kafka/streams/kstream/Consumed.java,Replace Generic With Diamond,1,1,1
streams/src/test/java/org/apache/kafka/streams/state/internals/TimeOrderedKeyValueBufferTest.java,Change Variable Type,1,1,1
streams/src/test/java/org/apache/kafka/streams/state/internals/RocksDBStoreTest.java,Change Return Type,1,1,1
group-coordinator/group-coordinator-api/src/main/java/org/apache/kafka/coordinator/group/api/assignor/SubscriptionType.java,Remove Class Annotation,1,1,1
streams/src/test/java/org/apache/kafka/streams/processor/internals/ProcessorContextImplTest.java,Add Attribute Annotation,1,1,1
streams/src/main/java/org/apache/kafka/streams/kstream/internals/KStreamKStreamJoinRightSide.java,Add Parameter,9,1,1
core/src/main/java/kafka/log/remote/RemoteLogOffsetReader.java,Change Variable Type,1,1,1
streams/src/test/java/org/apache/kafka/streams/kstream/internals/foreignkeyjoin/SubscriptionSendProcessorSupplierTest.java,Change Variable Type,1,1,1
clients/src/main/java/org/apache/kafka/clients/consumer/internals/events/BackgroundEventHandler.java,Change Parameter Type,1,1,1
clients/src/main/java/org/apache/kafka/common/config/TopicConfig.java,Add Attribute Annotation,5,1,1
streams/src/main/java/org/apache/kafka/streams/kstream/internals/graph/StreamStreamJoinNode.java,Rename Method,4,1,1
raft/src/test/java/org/apache/kafka/raft/UnattachedStateWithVoteTest.java,Add Method Annotation,15,1,1
clients/src/main/java/org/apache/kafka/clients/consumer/internals/AbstractHeartbeatRequestManager.java,Rename Method,10,1,1
core/src/test/java/kafka/test/api/ShareConsumerTest.java,Add Thrown Exception Type,47,1,1
share-coordinator/src/test/java/org/apache/kafka/coordinator/share/ShareCoordinatorShardTest.java,Change Variable Type,1,1,1
streams/src/main/java/org/apache/kafka/streams/state/internals/ChangeLoggingKeyValueBytesStore.java,Change Attribute Type,1,1,1
streams/test-utils/src/test/java/org/apache/kafka/streams/MockProcessorContextTest.java,Rename Variable,8,1,1
streams/src/main/java/org/apache/kafka/streams/state/internals/MeteredVersionedKeyValueStore.java,Replace Generic With Diamond,8,1,1
streams/test-utils/src/test/java/org/apache/kafka/streams/MockProcessorContextTest.java,Change Variable Type,1,1,1
streams/src/main/java/org/apache/kafka/streams/kstream/internals/KStreamKStreamJoinLeftSide.java,Add Parameter,9,1,1
streams/src/main/java/org/apache/kafka/streams/kstream/internals/graph/TableProcessorNode.java,Remove Parameter,1,1,1
core/src/test/java/kafka/log/remote/RemoteLogOffsetReaderTest.java,Change Variable Type,2,1,1
streams/integration-tests/src/test/java/org/apache/kafka/streams/integration/FineGrainedAutoResetIntegrationTest.java,Change Thrown Exception Type,1,1,1
streams/src/main/java/org/apache/kafka/streams/kstream/internals/graph/ForeignTableJoinNode.java,Remove Parameter,1,1,1
streams/src/test/java/org/apache/kafka/streams/state/internals/CompositeReadOnlyKeyValueStoreTest.java,Change Variable Type,9,1,1
streams/src/main/java/org/apache/kafka/streams/Topology.java,Add Class Annotation,8,1,1
streams/src/test/java/org/apache/kafka/streams/state/internals/MeteredWindowStoreTest.java,Rename Variable,1,1,1
streams/src/test/java/org/apache/kafka/streams/kstream/internals/foreignkeyjoin/SubscriptionSendProcessorSupplierTest.java,Change Variable Type,1,1,1
streams/src/main/java/org/apache/kafka/streams/kstream/internals/graph/StreamStreamJoinNode.java,Rename Attribute,1,1,1
streams/src/test/java/org/apache/kafka/streams/state/internals/MeteredSessionStoreTest.java,Add Method Annotation,5,1,1
streams/src/test/java/org/apache/kafka/streams/kstream/internals/foreignkeyjoin/SubscriptionSendProcessorSupplierTest.java,Change Variable Type,1,1,1
streams/src/test/java/org/apache/kafka/streams/state/internals/InMemoryKeyValueStoreTest.java,Remove Method Annotation,1,1,1
streams/src/test/java/org/apache/kafka/streams/kstream/internals/KStreamWindowAggregateTest.java,Change Variable Type,5,1,1
connect/runtime/src/main/java/org/apache/kafka/connect/runtime/Worker.java,Encapsulate Attribute,1,1,1
streams/src/test/java/org/apache/kafka/streams/state/internals/TimeOrderedKeyValueBufferTest.java,Change Variable Type,1,1,1
connect/runtime/src/main/java/org/apache/kafka/connect/runtime/Loggers.java,Change Variable Type,1,1,1
streams/src/test/java/org/apache/kafka/streams/state/internals/InMemoryKeyValueStoreTest.java,Add Method Annotation,31,1,1
streams/src/test/java/org/apache/kafka/streams/state/internals/TimeOrderedKeyValueBufferTest.java,Change Variable Type,1,1,1
clients/src/main/java/org/apache/kafka/clients/producer/internals/RecordAccumulator.java,Remove Parameter,1,1,1
streams/src/main/java/org/apache/kafka/streams/processor/StateStore.java,Rename Parameter,1,1,1
streams/src/test/java/org/apache/kafka/streams/state/internals/CompositeReadOnlyKeyValueStoreTest.java,Replace Generic With Diamond,6,1,1
group-coordinator/group-coordinator-api/src/main/java/org/apache/kafka/coordinator/group/api/assignor/GroupAssignment.java,Remove Class Annotation,1,1,1
clients/src/test/java/org/apache/kafka/common/utils/LogCaptureAppender.java,Rename Variable,1,1,1
share-coordinator/src/test/java/org/apache/kafka/coordinator/share/ShareCoordinatorServiceTest.java,Inline Variable,1,1,1
streams/src/main/java/org/apache/kafka/streams/state/internals/Segments.java,Change Parameter Type,1,1,1
tools/src/main/java/org/apache/kafka/tools/consumer/group/ConsumerGroupCommand.java,Extract Variable,1,1,1
core/src/main/java/kafka/log/remote/RemoteLogManager.java,Rename Parameter,1,1,1
connect/runtime/src/main/java/org/apache/kafka/connect/runtime/isolation/PluginDesc.java,Encapsulate Attribute,1,1,1
streams/src/test/java/org/apache/kafka/streams/state/internals/MeteredTimestampedKeyValueStoreTest.java,Rename Variable,1,1,1
streams/src/test/java/org/apache/kafka/streams/state/internals/CachingInMemorySessionStoreTest.java,Remove Class Annotation,1,1,1
connect/runtime/src/test/java/org/apache/kafka/connect/runtime/LoggersTest.java,Rename Variable,1,1,1
streams/src/test/java/org/apache/kafka/streams/state/internals/RocksDBStoreTest.java,Change Variable Type,1,1,1
streams/src/main/java/org/apache/kafka/streams/state/internals/MemoryLRUCache.java,Rename Parameter,1,1,1
streams/src/test/java/org/apache/kafka/streams/state/internals/ChangeLoggingTimestampedKeyValueBytesStoreTest.java,Change Return Type,1,1,1
tools/src/main/java/org/apache/kafka/tools/consumer/group/GroupInformation.java,Add Parameter,7,1,1
streams/src/main/java/org/apache/kafka/streams/kstream/internals/graph/KTableKTableJoinNode.java,Move Attribute,1,1,1
raft/src/test/java/org/apache/kafka/raft/KafkaRaftClientSnapshotTest.java,Assert Throws,1,1,1
share-coordinator/src/test/java/org/apache/kafka/coordinator/share/ShareCoordinatorConfigTest.java,Rename Class,40,1,1
streams/src/test/java/org/apache/kafka/streams/state/internals/CachingInMemorySessionStoreTest.java,Add Method Annotation,21,1,1
tools/src/main/java/org/apache/kafka/tools/consumer/TransactionLogMessageFormatter.java,Merge Method,6,1,1
connect/runtime/src/test/java/org/apache/kafka/connect/runtime/WorkerTest.java,Remove Thrown Exception Type,1,1,1
group-coordinator/src/main/java/org/apache/kafka/coordinator/group/GroupMetadataManager.java,Inline Variable,1,1,1
streams/test-utils/src/test/java/org/apache/kafka/streams/MockProcessorContextTest.java,Change Variable Type,1,1,1
clients/src/main/java/org/apache/kafka/common/utils/ThreadUtils.java,Extract Method,28,1,1
streams/src/test/java/org/apache/kafka/streams/state/internals/MeteredKeyValueStoreTest.java,Add Method Annotation,6,1,1
clients/src/main/java/org/apache/kafka/clients/admin/MemberDescription.java,Add Method Annotation,6,1,1
clients/src/test/java/org/apache/kafka/clients/admin/KafkaAdminClientTest.java,Remove Method Annotation,1,1,1
group-coordinator/group-coordinator-api/src/main/java/org/apache/kafka/coordinator/group/api/assignor/MemberAssignment.java,Remove Class Annotation,1,1,1
core/src/test/java/kafka/log/remote/RemoteLogOffsetReaderTest.java,Change Variable Type,2,1,1
streams/src/main/java/org/apache/kafka/streams/Topology.java,Add Method Annotation,23,1,1
streams/src/main/java/org/apache/kafka/streams/Topology.java,Remove Method Annotation,1,1,1
streams/src/test/java/org/apache/kafka/streams/kstream/internals/suppress/KTableSuppressProcessorTest.java,Change Variable Type,1,1,1
core/src/test/java/kafka/test/api/ShareConsumerTest.java,Remove Thrown Exception Type,1,1,1
clients/src/main/java/org/apache/kafka/common/errors/NotLeaderOrFollowerException.java,Remove Class Annotation,1,1,1
streams/src/test/java/org/apache/kafka/streams/state/internals/metrics/RocksDBBlockCacheMetricsTest.java,Add Method Annotation,11,1,1
streams/src/main/java/org/apache/kafka/streams/kstream/internals/KStreamKStreamJoinLeftSide.java,Remove Parameter,1,1,1
core/src/test/java/kafka/test/api/ShareConsumerTest.java,Remove Method Annotation,1,1,1
streams/src/main/java/org/apache/kafka/streams/state/internals/MeteredVersionedKeyValueStore.java,Change Attribute Type,19,1,1
streams/src/test/java/org/apache/kafka/streams/kstream/internals/KStreamWindowAggregateTest.java,Change Variable Type,1,1,1
raft/src/main/java/org/apache/kafka/raft/KafkaRaftClient.java,Rename Variable,4,1,1
connect/runtime/src/main/java/org/apache/kafka/connect/runtime/AbstractHerder.java,Extract Method,159,1,1
streams/src/test/java/org/apache/kafka/streams/state/internals/CachingPersistentWindowStoreTest.java,Add Method Annotation,4,1,1
streams/src/test/java/org/apache/kafka/streams/processor/internals/ProcessorContextImplTest.java,Remove Method Annotation,1,1,1
storage/src/main/java/org/apache/kafka/storage/internals/log/LogConfig.java,Modify Method Annotation,1,1,1
streams/src/test/java/org/apache/kafka/streams/state/internals/TimeOrderedKeyValueBufferTest.java,Change Variable Type,1,1,1
connect/runtime/src/main/java/org/apache/kafka/connect/runtime/isolation/PluginDesc.java,Change Method Access Modifier,4,1,1
streams/test-utils/src/test/java/org/apache/kafka/streams/MockProcessorContextTest.java,Change Variable Type,1,1,1
tools/src/main/java/org/apache/kafka/tools/consumer/group/MemberAssignmentState.java,Add Parameter,10,1,1
clients/src/test/java/org/apache/kafka/common/utils/LogCaptureAppender.java,Change Method Access Modifier,6,1,1
streams/src/test/java/org/apache/kafka/streams/state/internals/StoreSerdeInitializerTest.java,Change Variable Type,1,1,1
streams/src/test/java/org/apache/kafka/streams/kstream/internals/suppress/KTableSuppressProcessorMetricsTest.java,Change Variable Type,2,1,1
streams/src/main/java/org/apache/kafka/streams/state/internals/ChangeLoggingKeyValueBytesStore.java,Rename Parameter,1,1,1
raft/src/main/java/org/apache/kafka/raft/UnattachedState.java,Rename Parameter,1,1,1
group-coordinator/src/main/java/org/apache/kafka/coordinator/group/GroupConfig.java,Change Return Type,1,1,1
core/src/test/java/kafka/test/api/ShareConsumerTest.java,Rename Variable,1,1,1
streams/src/main/java/org/apache/kafka/streams/processor/internals/InternalTopologyBuilder.java,Add Method Annotation,26,1,1
metadata/src/main/java/org/apache/kafka/controller/ActivationRecordsGenerator.java,Remove Parameter,1,1,1
connect/runtime/src/test/java/org/apache/kafka/connect/runtime/standalone/StandaloneHerderTest.java,Add Method Annotation,44,1,1
streams/src/main/java/org/apache/kafka/streams/processor/internals/GlobalStateManager.java,Change Parameter Type,1,1,1
clients/src/main/java/org/apache/kafka/clients/consumer/internals/events/ApplicationEventHandler.java,Add Parameter,18,1,1
connect/runtime/src/main/java/org/apache/kafka/connect/runtime/isolation/Plugins.java,Extract Method,42,1,1
streams/src/main/java/org/apache/kafka/streams/state/internals/LogicalKeyValueSegments.java,Change Parameter Type,1,1,1
clients/src/test/java/org/apache/kafka/clients/consumer/internals/AbstractCoordinatorTest.java,Remove Method Annotation,1,1,1
streams/src/main/java/org/apache/kafka/streams/kstream/internals/graph/KTableKTableJoinNode.java,Remove Parameter,1,1,1
streams/src/main/java/org/apache/kafka/streams/state/internals/RocksDBSessionStore.java,Rename Parameter,1,1,1
connect/runtime/src/main/java/org/apache/kafka/connect/runtime/AbstractHerder.java,Add Parameter,103,1,1
share-coordinator/src/main/java/org/apache/kafka/coordinator/share/ShareCoordinatorService.java,Rename Variable,1,1,1
connect/runtime/src/main/java/org/apache/kafka/connect/cli/ConnectStandalone.java,Replace Generic With Diamond,1,1,1
streams/test-utils/src/test/java/org/apache/kafka/streams/MockProcessorContextTest.java,Rename Variable,6,1,1
streams/test-utils/src/test/java/org/apache/kafka/streams/test/wordcount/WindowedWordCountProcessorTest.java,Change Return Type,1,1,1
raft/src/test/java/org/apache/kafka/raft/KafkaRaftClientSnapshotTest.java,Assert Throws,1,1,1
connect/runtime/src/main/java/org/apache/kafka/connect/runtime/AbstractHerder.java,Inline Method,16,1,1
clients/src/main/java/org/apache/kafka/clients/admin/MemberDescription.java,Add Method Annotation,16,1,1
connect/runtime/src/main/java/org/apache/kafka/connect/runtime/isolation/Plugins.java,Change Variable Type,1,1,1
streams/src/test/java/org/apache/kafka/streams/state/internals/MeteredVersionedKeyValueStoreTest.java,Rename Variable,1,1,1
tools/src/main/java/org/apache/kafka/tools/consumer/group/ConsumerGroupCommand.java,Remove Parameter,1,1,1
streams/src/test/java/org/apache/kafka/streams/state/internals/RocksDBStoreTest.java,Change Variable Type,1,1,1
streams/src/main/java/org/apache/kafka/streams/kstream/internals/foreignkeyjoin/SubscriptionReceiveProcessorSupplier.java,Change Attribute Type,1,1,1
streams/src/main/java/org/apache/kafka/streams/kstream/internals/graph/KTableKTableJoinNode.java,Change Attribute Type,1,1,1
streams/test-utils/src/test/java/org/apache/kafka/streams/test/MockProcessorContextAPITest.java,Replace Generic With Diamond,15,1,1
streams/src/test/java/org/apache/kafka/streams/processor/internals/ProcessorTopologyTest.java,Replace Generic With Diamond,11,1,1
clients/src/test/java/org/apache/kafka/common/requests/RequestResponseTest.java,Inline Variable,1,1,1
connect/runtime/src/main/java/org/apache/kafka/connect/runtime/AbstractHerder.java,Parameterize Variable,1,1,1
clients/src/main/java/org/apache/kafka/clients/admin/Admin.java,Remove Variable Annotation,1,1,1
streams/test-utils/src/test/java/org/apache/kafka/streams/test/wordcount/WindowedWordCountProcessorTest.java,Change Variable Type,1,1,1
clients/src/test/java/org/apache/kafka/clients/consumer/internals/ConsumerHeartbeatRequestManagerTest.java,Add Parameter,16,1,1
streams/src/main/java/org/apache/kafka/streams/kstream/Suppressed.java,Change Return Type,1,1,1
streams/src/main/java/org/apache/kafka/streams/kstream/internals/suppress/TimeDefinitions.java,Change Method Access Modifier,4,1,1
core/src/test/java/kafka/test/api/ShareConsumerTest.java,Inline Variable,1,1,1
share-coordinator/src/main/java/org/apache/kafka/coordinator/share/ShareCoordinatorService.java,Add Parameter,12,1,1
streams/src/main/java/org/apache/kafka/streams/processor/internals/GlobalStateManagerImpl.java,Change Parameter Type,1,1,1
streams/src/test/java/org/apache/kafka/streams/state/internals/RocksDBVersionedStoreTest.java,Change Attribute Type,1,1,1
streams/src/test/java/org/apache/kafka/streams/state/internals/CachingInMemorySessionStoreTest.java,Add Method Annotation,4,1,1
clients/src/test/java/org/apache/kafka/common/requests/RequestResponseTest.java,Add Parameter,12,1,1
streams/src/main/java/org/apache/kafka/streams/processor/internals/InternalTopologyBuilder.java,Change Parameter Type,1,1,1
streams/src/test/java/org/apache/kafka/streams/state/internals/TimeOrderedWindowStoreTest.java,Add Method Annotation,6,1,1
trogdor/src/main/java/org/apache/kafka/trogdor/rest/JsonRestServer.java,Change Variable Type,1,1,1
streams/src/test/java/org/apache/kafka/streams/kstream/internals/suppress/KTableSuppressProcessorTest.java,Change Variable Type,1,1,1
raft/src/main/java/org/apache/kafka/raft/ResignedState.java,Rename Parameter,1,1,1
clients/src/test/java/org/apache/kafka/clients/consumer/internals/ShareConsumeRequestManagerTest.java,Add Parameter,4,1,1
streams/src/test/java/org/apache/kafka/streams/kstream/internals/suppress/KTableSuppressProcessorTest.java,Change Variable Type,1,1,1
raft/src/test/java/org/apache/kafka/raft/RaftClientTestContext.java,Rename Variable,2,1,1
core/src/test/java/kafka/test/api/ShareConsumerTest.java,Add Thrown Exception Type,116,1,1
streams/test-utils/src/test/java/org/apache/kafka/streams/MockProcessorContextTest.java,Extract Variable,1,1,1
raft/src/test/java/org/apache/kafka/raft/KafkaRaftClientSnapshotTest.java,Assert Throws,1,1,1
connect/runtime/src/main/java/org/apache/kafka/connect/runtime/Loggers.java,Extract Method,35,1,1
streams/src/test/java/org/apache/kafka/streams/kstream/internals/suppress/KTableSuppressProcessorTest.java,Change Variable Type,1,1,1
streams/src/test/java/org/apache/kafka/streams/kstream/internals/foreignkeyjoin/ResponseJoinProcessorSupplierTest.java,Change Variable Type,1,1,1
raft/src/test/java/org/apache/kafka/raft/KafkaRaftClientTest.java,Inline Variable,2,1,1
raft/src/test/java/org/apache/kafka/raft/KafkaRaftClientSnapshotTest.java,Assert Throws,1,1,1
test-common/test-common-api/src/test/java/org/apache/kafka/common/test/api/ClusterTestExtensionsTest.java,Change Variable Type,1,1,1
streams/test-utils/src/test/java/org/apache/kafka/streams/MockProcessorContextTest.java,Rename Variable,15,1,1
clients/src/main/java/org/apache/kafka/clients/consumer/internals/events/BackgroundEventHandler.java,Change Attribute Type,1,1,1
streams/src/test/java/org/apache/kafka/streams/state/internals/ChangeLoggingWindowBytesStoreTest.java,Add Method Annotation,6,1,1
streams/src/main/java/org/apache/kafka/streams/kstream/Consumed.java,Change Attribute Type,1,1,1
metadata/src/main/java/org/apache/kafka/controller/ActivationRecordsGenerator.java,Remove Parameter,1,1,1
streams/src/main/java/org/apache/kafka/streams/processor/internals/InternalTopologyBuilder.java,Add Parameter,18,1,1
streams/src/test/java/org/apache/kafka/streams/state/internals/MeteredVersionedKeyValueStoreTest.java,Add Method Annotation,21,1,1
streams/src/main/java/org/apache/kafka/streams/processor/internals/ProcessorStateManager.java,Change Parameter Type,1,1,1
core/src/test/java/kafka/test/api/ShareConsumerTest.java,Inline Method,15,1,1
streams/src/test/java/org/apache/kafka/streams/kstream/internals/KStreamImplTest.java,Change Parameter Type,1,1,1
streams/test-utils/src/test/java/org/apache/kafka/streams/test/wordcount/WindowedWordCountProcessorTest.java,Change Variable Type,1,1,1
clients/src/main/java/org/apache/kafka/clients/consumer/internals/AutoOffsetResetStrategy.java,Encapsulate Attribute,1,1,1
streams/src/test/java/org/apache/kafka/streams/state/internals/MeteredWindowStoreTest.java,Add Method Annotation,29,1,1
core/src/test/java/kafka/test/api/ShareConsumerTest.java,Rename Variable,1,1,1
clients/src/test/java/org/apache/kafka/common/utils/LogCaptureAppender.java,Inline Variable,1,1,1
connect/runtime/src/main/java/org/apache/kafka/connect/util/KafkaBasedLog.java,Replace Generic With Diamond,31,1,1
group-coordinator/src/main/java/org/apache/kafka/coordinator/group/GroupCoordinator.java,Change Return Type,1,1,1
streams/src/test/java/org/apache/kafka/streams/state/internals/ChangeLoggingTimestampedWindowBytesStoreTest.java,Remove Method Annotation,1,1,1
clients/src/main/java/org/apache/kafka/clients/consumer/internals/FetchMetricsManager.java,Add Method Annotation,4,1,1
streams/src/main/java/org/apache/kafka/streams/state/internals/ChangeLoggingWindowBytesStore.java,Rename Parameter,1,1,1
clients/src/main/java/org/apache/kafka/clients/consumer/internals/FetchMetricsManager.java,Add Method Annotation,5,1,1
streams/src/test/java/org/apache/kafka/streams/kstream/internals/suppress/KTableSuppressProcessorTest.java,Change Variable Type,1,1,1
streams/src/main/java/org/apache/kafka/streams/kstream/internals/graph/TableSuppressNode.java,Rename Parameter,1,1,1
connect/runtime/src/main/java/org/apache/kafka/connect/runtime/isolation/DelegatingClassLoader.java,Extract Method,11,1,1
trogdor/src/main/java/org/apache/kafka/trogdor/agent/AgentRestResource.java,Add Attribute Annotation,1,1,1
streams/src/test/java/org/apache/kafka/streams/processor/internals/ProcessorContextImplTest.java,Remove Method Annotation,1,1,1
streams/src/main/java/org/apache/kafka/streams/kstream/internals/graph/KTableKTableJoinNode.java,Rename Attribute,1,1,1
streams/src/test/java/org/apache/kafka/test/MockInternalNewProcessorContext.java,Change Attribute Type,1,1,1
streams/src/test/java/org/apache/kafka/streams/state/internals/MeteredVersionedKeyValueStoreTest.java,Rename Variable,1,1,1
streams/src/test/java/org/apache/kafka/streams/state/internals/MeteredWindowStoreTest.java,Rename Variable,1,1,1
core/src/test/java/kafka/test/api/ShareConsumerTest.java,Remove Parameter,1,1,1
connect/runtime/src/main/java/org/apache/kafka/connect/runtime/AbstractHerder.java,Extract Method,50,1,1
test-common/test-common-api/src/test/java/org/apache/kafka/common/test/api/ClusterTestExtensionsTest.java,Change Variable Type,1,1,1
streams/src/test/java/org/apache/kafka/streams/state/internals/CachingPersistentSessionStoreTest.java,Change Attribute Type,1,1,1
streams/src/test/java/org/apache/kafka/streams/state/internals/TimeOrderedKeyValueBufferTest.java,Change Parameter Type,1,1,1
connect/runtime/src/main/java/org/apache/kafka/connect/runtime/Loggers.java,Change Return Type,1,1,1
share-coordinator/src/test/java/org/apache/kafka/coordinator/share/ShareCoordinatorShardTest.java,Change Variable Type,1,1,1
clients/src/test/java/org/apache/kafka/common/utils/LogCaptureAppender.java,Change Variable Type,1,1,1
streams/src/main/java/org/apache/kafka/streams/state/internals/MeteredKeyValueStore.java,Change Attribute Type,1,1,1
streams/src/main/java/org/apache/kafka/streams/processor/internals/GlobalStateManagerImpl.java,Change Variable Type,1,1,1
streams/src/test/java/org/apache/kafka/streams/state/internals/MeteredVersionedKeyValueStoreTest.java,Add Method Annotation,34,1,1
core/src/test/java/kafka/test/api/ShareConsumerTest.java,Add Thrown Exception Type,47,1,1
streams/test-utils/src/test/java/org/apache/kafka/streams/test/MockProcessorContextAPITest.java,Replace Generic With Diamond,16,1,1
streams/src/test/java/org/apache/kafka/streams/state/internals/MeteredSessionStoreTest.java,Add Method Annotation,36,1,1
streams/src/test/java/org/apache/kafka/streams/state/internals/TimeOrderedKeyValueBufferTest.java,Change Parameter Type,1,1,1
streams/test-utils/src/test/java/org/apache/kafka/streams/MockProcessorContextTest.java,Change Variable Type,1,1,1
streams/src/test/java/org/apache/kafka/streams/state/internals/MeteredSessionStoreTest.java,Add Method Annotation,5,1,1
clients/src/test/java/org/apache/kafka/clients/admin/KafkaAdminClientTest.java,Remove Parameter,1,1,1
streams/src/test/java/org/apache/kafka/streams/kstream/internals/suppress/KTableSuppressProcessorTest.java,Change Variable Type,1,1,1
connect/runtime/src/test/java/org/apache/kafka/connect/runtime/LoggersTest.java,Remove Class Annotation,1,1,1
core/src/main/java/kafka/log/remote/RemoteLogManager.java,Rename Parameter,1,1,1
streams/src/test/java/org/apache/kafka/streams/state/internals/TimeOrderedKeyValueBufferTest.java,Change Variable Type,1,1,1
streams/src/test/java/org/apache/kafka/streams/state/internals/MeteredSessionStoreTest.java,Change Attribute Type,1,1,1
streams/src/main/java/org/apache/kafka/streams/kstream/internals/graph/StreamStreamJoinNode.java,Change Parameter Type,1,1,1
connect/runtime/src/main/java/org/apache/kafka/connect/runtime/AbstractHerder.java,Inline Method,16,1,1
streams/src/test/java/org/apache/kafka/streams/state/internals/CachingInMemorySessionStoreTest.java,Change Variable Type,1,1,1
streams/src/main/java/org/apache/kafka/streams/kstream/internals/suppress/TimeDefinitions.java,Change Attribute Type,1,1,1
streams/src/test/java/org/apache/kafka/streams/processor/internals/ProcessorTopologyTest.java,Move And Inline Method,5,1,1
streams/src/main/java/org/apache/kafka/streams/kstream/internals/suppress/KTableSuppressProcessorSupplier.java,Rename Parameter,1,1,1
streams/src/test/java/org/apache/kafka/streams/state/internals/MeteredSessionStoreTest.java,Add Method Annotation,5,1,1
streams/src/main/java/org/apache/kafka/streams/kstream/internals/KTableImpl.java,Add Method Annotation,57,1,1
tools/src/test/java/org/apache/kafka/tools/consumer/group/ConsumerGroupCommandTestUtils.java,Change Method Access Modifier,23,1,1
raft/src/test/java/org/apache/kafka/raft/KafkaRaftClientSnapshotTest.java,Extract Variable,1,1,1
streams/src/test/java/org/apache/kafka/streams/state/internals/MeteredKeyValueStoreTest.java,Add Method Annotation,5,1,1
streams/src/main/java/org/apache/kafka/streams/state/internals/AbstractSegments.java,Change Parameter Type,1,1,1
core/src/test/java/kafka/test/api/ShareConsumerTest.java,Change Return Type,1,1,1
streams/src/main/java/org/apache/kafka/streams/kstream/internals/KTableImpl.java,Extract Variable,2,1,1
streams/src/test/java/org/apache/kafka/streams/state/internals/CachingPersistentWindowStoreTest.java,Add Method Annotation,3,1,1
streams/src/test/java/org/apache/kafka/streams/state/internals/MeteredTimestampedKeyValueStoreTest.java,Rename Variable,1,1,1
streams/integration-tests/src/test/java/org/apache/kafka/streams/integration/VersionedKeyValueStoreIntegrationTest.java,Rename Parameter,1,1,1
streams/src/main/java/org/apache/kafka/streams/kstream/internals/foreignkeyjoin/ForeignTableJoinProcessorSupplier.java,Change Parameter Type,1,1,1
connect/runtime/src/test/java/org/apache/kafka/connect/runtime/WorkerTest.java,Remove Thrown Exception Type,1,1,1
streams/src/main/java/org/apache/kafka/streams/processor/internals/InternalTopologyBuilder.java,Change Parameter Type,1,1,1
streams/src/test/java/org/apache/kafka/streams/state/internals/CachingPersistentWindowStoreTest.java,Add Method Annotation,5,1,1
streams/src/main/java/org/apache/kafka/streams/state/internals/TimestampedSegments.java,Change Parameter Type,1,1,1
streams/src/test/java/org/apache/kafka/streams/state/internals/RocksDBStoreTest.java,Change Attribute Type,1,1,1
streams/src/test/java/org/apache/kafka/streams/state/internals/StoreSerdeInitializerTest.java,Change Variable Type,1,1,1
streams/src/main/java/org/apache/kafka/streams/kstream/internals/graph/KTableKTableJoinNode.java,Change Parameter Type,1,1,1
test-common/test-common-api/src/test/java/org/apache/kafka/common/test/api/ClusterTestExtensionsTest.java,Change Variable Type,1,1,1
streams/src/main/java/org/apache/kafka/streams/kstream/Consumed.java,Add Method Annotation,11,1,1
tools/src/main/java/org/apache/kafka/tools/consumer/TransactionLogMessageFormatter.java,Localize Parameter,1,1,1
metadata/src/test/java/org/apache/kafka/controller/QuorumControllerTest.java,Remove Parameter,1,1,1
clients/src/test/java/org/apache/kafka/common/security/authenticator/SaslServerAuthenticatorTest.java,Assert Throws,1,1,1
streams/src/main/java/org/apache/kafka/streams/state/internals/TimestampedSegments.java,Change Parameter Type,1,1,1
streams/src/test/java/org/apache/kafka/streams/StreamsBuilderTest.java,Remove Method Annotation,1,1,1
streams/src/test/java/org/apache/kafka/streams/kstream/internals/foreignkeyjoin/SubscriptionSendProcessorSupplierTest.java,Change Variable Type,1,1,1
